{"return_msg":"查询成功","return_code":"success","data":[{"date":"2016-08-25","cBatch":"171500670116082500","iQuantity":"100","cInvStd":"6pins，卧贴，上接，间距0.5，编带，0.5-11-6PBS-A-P(苏州诺金电子)","cInvName":"尼得科变频滚筒洗衣机S102(喷胶方案)(备料清单)驱动板(无铅)","cInvCode":"1705006701","cInvDefine8":"8820办公室","invcode":"2230800700","shopnum":"一车间","executor":"tcc"},{"date":"2016-08-25","cBatch":"172500670116082500","iQuantity":"100","cInvStd":"6pins，卧贴，上接，间距0.5，编带，0.5-11-6PBS-A-P(苏州诺金电子)","cInvName":"尼得科变频滚筒洗衣机S102(喷胶方案)(备料清单)驱动板(无铅)","cInvCode":"1705006702","cInvDefine8":"Y-13-D-3-5","invcode":"2230800700","shopnum":"C8","executor":"tcc"},{"date":"2016-08-25","cBatch":"173500670116082500","iQuantity":"100","cInvStd":"6pins，卧贴，上接，间距0.5，编带，0.5-11-6PBS-A-P(苏州诺金电子)","cInvName":"尼得科变频滚筒洗衣机S102(喷胶方案)(备料清单)驱动板(无铅)","cInvCode":"1705006703","cInvDefine8":"X-A-1-2","invcode":"2230800700","shopnum":"C6","executor":"tcc"},{"date":"2016-08-25","cBatch":"174500670116082500","iQuantity":"100","cInvStd":"6pins，卧贴，上接，间距0.5，编带，0.5-11-6PBS-A-P(苏州诺金电子)","cInvName":"尼得科变频滚筒洗衣机S102(喷胶方案)(备料清单)驱动板(无铅)","cInvCode":"1705006704","cInvDefine8":"Z-15-C-2-3","invcode":"2230800700","shopnum":"C5","executor":"tcc"},{"date":"2016-08-25","cBatch":"175500670116082500","iQuantity":"100","cInvStd":"6pins，卧贴，上接，间距0.5，编带，0.5-11-6PBS-A-P(苏州诺金电子)","cInvName":"尼得科变频滚筒洗衣机S102(喷胶方案)(备料清单)驱动板(无铅)","cInvCode":"1705006705","cInvDefine8":"J-F-1-3+J-F-1-2","invcode":"2230800700","shopnum":"C6","executor":"tcc"},{"date":"2016-08-25","cBatch":"176500670116082500","iQuantity":"100","cInvStd":"6pins，卧贴，上接，间距0.5，编带，0.5-11-6PBS-A-P(苏州诺金电子)","cInvName":"尼得科变频滚筒洗衣机S102(喷胶方案)(备料清单)驱动板(无铅)","cInvCode":"1705006706","cInvDefine8":"J-F-2-中、8820办公室","invcode":"2230800700","shopnum":"C4","executor":"tcc"},{"date":"2016-08-25","cBatch":"177500670116082500","iQuantity":"100","cInvStd":"6pins，卧贴，上接，间距0.5，编带，0.5-11-6PBS-A-P(苏州诺金电子)","cInvName":"尼得科变频滚筒洗衣机S102(喷胶方案)(备料清单)驱动板(无铅)","cInvCode":"1705006707","cInvDefine8":"Y-12-A-2-5，Y-11-A","invcode":"2230800700","shopnum":"C2","executor":"tcc"},{"date":"2016-08-25","cBatch":"178500670116082500","iQuantity":"100","cInvStd":"6pins，卧贴，上接，间距0.5，编带，0.5-11-6PBS-A-P(苏州诺金电子)","cInvName":"尼得科变频滚筒洗衣机S102(喷胶方案)(备料清单)驱动板(无铅)","cInvCode":"1705006708","cInvDefine8":"大仓库-8-上","invcode":"2230800700","shopnum":"C6","executor":"tcc"},{"date":"2016-08-25","cBatch":"179500670116082500","iQuantity":"100","cInvStd":"6pins，卧贴，上接，间距0.5，编带，0.5-11-6PBS-A-P(苏州诺金电子)","cInvName":"尼得科变频滚筒洗衣机S102(喷胶方案)(备料清单)驱动板(无铅)","cInvCode":"1705006709","cInvDefine8":"J-G-1-边","invcode":"2230800700","shopnum":"C1","executor":"tcc"},{"date":"2016-08-25","cBatch":"170500670116082500","iQuantity":"100","cInvStd":"6pins，卧贴，上接，间距0.5，编带，0.5-11-6PBS-A-P(苏州诺金电子)","cInvName":"尼得科变频滚筒洗衣机S102(喷胶方案)(备料清单)驱动板(无铅)","cInvCode":"1705006710","cInvDefine8":"Z-9-A-1-2","invcode":"2230800700","shopnum":"C2","executor":"tcc"},{"date":"2016-08-25","cBatch":"170000670116082500","iQuantity":"100","cInvStd":"6pins，卧贴，上接，间距0.5，编带，0.5-11-6PBS-A-P(苏州诺金电子)","cInvName":"尼得科变频滚筒洗衣机S102(喷胶方案)(备料清单)驱动板(无铅)","cInvCode":"1705006711","cInvDefine8":"Z-3-A-4-2","invcode":"2230800700","shopnum":"C8","executor":"tcc"}]}